{
  "tag": "hrv_sleep_sklearn_elasticnet_bin",
  "n_samples": 134,
  "positive_rate_true": 0.2537313432835821,
  "threshold": 0.5,
  "confusion_matrix_labels": [
    0,
    1
  ],
  "confusion_matrix": [
    [
      80,
      20
    ],
    [
      28,
      6
    ]
  ],
  "accuracy": 0.6417910447761194,
  "balanced_accuracy": 0.4882352941176471,
  "roc_auc_oof": 0.5594117647058824,
  "classification_report": {
    "0": {
      "precision": 0.7407407407407407,
      "recall": 0.8,
      "f1-score": 0.7692307692307693,
      "support": 100.0
    },
    "1": {
      "precision": 0.23076923076923078,
      "recall": 0.17647058823529413,
      "f1-score": 0.2,
      "support": 34.0
    },
    "accuracy": 0.6417910447761194,
    "macro avg": {
      "precision": 0.48575498575498577,
      "recall": 0.4882352941176471,
      "f1-score": 0.48461538461538467,
      "support": 134.0
    },
    "weighted avg": {
      "precision": 0.6113449844793128,
      "recall": 0.6417910447761194,
      "f1-score": 0.6247990815154995,
      "support": 134.0
    }
  },
  "roc_curve": {
    "fpr": [
      0.0,
      0.01,
      0.04,
      0.04,
      0.08,
      0.08,
      0.1,
      0.1,
      0.12,
      0.12,
      0.17,
      0.17,
      0.2,
      0.2,
      0.4,
      0.4,
      0.58,
      0.58,
      0.67,
      0.67,
      0.77,
      0.77,
      0.81,
      0.81,
      0.82,
      0.82,
      0.84,
      0.84,
      0.96,
      0.96,
      1.0
    ],
    "tpr": [
      0.0,
      0.0,
      0.0,
      0.029411764705882353,
      0.029411764705882353,
      0.058823529411764705,
      0.058823529411764705,
      0.08823529411764706,
      0.08823529411764706,
      0.11764705882352941,
      0.11764705882352941,
      0.17647058823529413,
      0.17647058823529413,
      0.20588235294117646,
      0.4117647058823529,
      0.4411764705882353,
      0.7058823529411765,
      0.8235294117647058,
      0.8235294117647058,
      0.8529411764705882,
      0.8529411764705882,
      0.8823529411764706,
      0.8823529411764706,
      0.9117647058823529,
      0.9117647058823529,
      0.9411764705882353,
      0.9411764705882353,
      0.9705882352941176,
      0.9705882352941176,
      1.0,
      1.0
    ],
    "thresholds": [
      null,
      0.999034185485221,
      0.9859886589194296,
      0.9708326922200361,
      0.8788301658276696,
      0.8254110933618596,
      0.8072334927682042,
      0.80531696342012,
      0.7918880684482379,
      0.7863809876413548,
      0.6564673264400699,
      0.6196247291949785,
      0.5640718885806347,
      0.49096554520527164,
      0.48735060273167036,
      0.48463566367797695,
      0.4775453096974388,
      0.4045736054124464,
      0.27660226117446696,
      0.2758272002128915,
      0.15433266124465675,
      0.15015278713682684,
      0.1298953460327113,
      0.12038722777570443,
      0.11937322518144962,
      0.10158856540117704,
      0.07858375280557542,
      0.07646234702213212,
      0.03700985230105715,
      0.019003057672201628,
      0.0004322017871257545
    ]
  }
}