{
  "tag": "hrv_only_sklearn_ensemble_cal_bin",
  "n_samples": 134,
  "positive_rate_true": 0.2537313432835821,
  "threshold": 0.4742749819772618,
  "confusion_matrix_labels": [
    0,
    1
  ],
  "confusion_matrix": [
    [
      58,
      42
    ],
    [
      8,
      26
    ]
  ],
  "accuracy": 0.6268656716417911,
  "balanced_accuracy": 0.6723529411764706,
  "roc_auc_oof": 0.6997058823529412,
  "classification_report": {
    "0": {
      "precision": 0.8787878787878788,
      "recall": 0.58,
      "f1-score": 0.6987951807228916,
      "support": 100.0
    },
    "1": {
      "precision": 0.38235294117647056,
      "recall": 0.7647058823529411,
      "f1-score": 0.5098039215686274,
      "support": 34.0
    },
    "accuracy": 0.6268656716417911,
    "macro avg": {
      "precision": 0.6305704099821747,
      "recall": 0.6723529411764706,
      "f1-score": 0.6042995511457595,
      "support": 134.0
    },
    "weighted avg": {
      "precision": 0.7528267752148349,
      "recall": 0.6268656716417911,
      "f1-score": 0.6508421746688245,
      "support": 134.0
    }
  },
  "roc_curve": {
    "fpr": [
      0.0,
      0.01,
      0.01,
      0.03,
      0.03,
      0.05,
      0.05,
      0.06,
      0.06,
      0.09,
      0.09,
      0.1,
      0.1,
      0.15,
      0.15,
      0.16,
      0.16,
      0.18,
      0.18,
      0.19,
      0.19,
      0.24,
      0.24,
      0.25,
      0.25,
      0.26,
      0.26,
      0.28,
      0.28,
      0.31,
      0.31,
      0.34,
      0.34,
      0.42,
      0.42,
      0.47,
      0.47,
      0.49,
      0.49,
      0.54,
      0.54,
      0.57,
      0.57,
      0.65,
      0.65,
      0.66,
      0.66,
      0.71,
      0.71,
      1.0
    ],
    "tpr": [
      0.0,
      0.0,
      0.029411764705882353,
      0.029411764705882353,
      0.058823529411764705,
      0.058823529411764705,
      0.08823529411764706,
      0.08823529411764706,
      0.11764705882352941,
      0.11764705882352941,
      0.14705882352941177,
      0.14705882352941177,
      0.23529411764705882,
      0.23529411764705882,
      0.29411764705882354,
      0.29411764705882354,
      0.3235294117647059,
      0.3235294117647059,
      0.35294117647058826,
      0.35294117647058826,
      0.4117647058823529,
      0.4117647058823529,
      0.4411764705882353,
      0.4411764705882353,
      0.47058823529411764,
      0.47058823529411764,
      0.5,
      0.5,
      0.5588235294117647,
      0.5588235294117647,
      0.5882352941176471,
      0.5882352941176471,
      0.6764705882352942,
      0.6764705882352942,
      0.7647058823529411,
      0.7647058823529411,
      0.7941176470588235,
      0.7941176470588235,
      0.8235294117647058,
      0.8235294117647058,
      0.8529411764705882,
      0.8529411764705882,
      0.8823529411764706,
      0.8823529411764706,
      0.9117647058823529,
      0.9117647058823529,
      0.9705882352941176,
      0.9705882352941176,
      1.0,
      1.0
    ],
    "thresholds": [
      null,
      0.6964920920960801,
      0.6923213617352333,
      0.6557278458442886,
      0.6442789943037972,
      0.6126677516935701,
      0.6071428807474831,
      0.594665882384626,
      0.586312349072978,
      0.5802679554651051,
      0.5793518069792188,
      0.5785787440894522,
      0.5670270631941818,
      0.5578978385917654,
      0.5512468766515775,
      0.5498251717387342,
      0.5454450324003342,
      0.5415649745852805,
      0.537100478290609,
      0.5362603598036976,
      0.5350550141385505,
      0.5226428861468685,
      0.522572174474904,
      0.5209701351985141,
      0.5197503062496077,
      0.518050803158654,
      0.5165350249396706,
      0.5142081014583523,
      0.509308592288053,
      0.5026694087688087,
      0.5022951677130496,
      0.4938969942707075,
      0.4882581812768845,
      0.47678148208092913,
      0.4742749819772618,
      0.47131554091549444,
      0.4694554425068209,
      0.4641519690494127,
      0.4634383578885015,
      0.4596133694916436,
      0.459159610901679,
      0.45563200974469736,
      0.4554400997859318,
      0.4470393036247289,
      0.44678476377117454,
      0.44609212519596,
      0.4429390811643086,
      0.4375995910786251,
      0.43622035323991326,
      0.38590910201397866
    ]
  }
}