{
  "tag": "hrv_only_sklearn_elasticnet_reg",
  "n_samples": 134,
  "mae_oof": 2.351497359820988,
  "rmse_oof": 3.0422202177366895,
  "spearman_rho_oof": 0.2996294826301643
}