{
  "tag": "hrv_sleep_sklearn_ensemble_cal_bin",
  "n_samples": 134,
  "positive_rate_true": 0.2537313432835821,
  "threshold": 0.5110414832263136,
  "confusion_matrix_labels": [
    0,
    1
  ],
  "confusion_matrix": [
    [
      77,
      23
    ],
    [
      12,
      22
    ]
  ],
  "accuracy": 0.7388059701492538,
  "balanced_accuracy": 0.7085294117647059,
  "roc_auc_oof": 0.7408823529411764,
  "classification_report": {
    "0": {
      "precision": 0.8651685393258427,
      "recall": 0.77,
      "f1-score": 0.8148148148148148,
      "support": 100.0
    },
    "1": {
      "precision": 0.4888888888888889,
      "recall": 0.6470588235294118,
      "f1-score": 0.5569620253164557,
      "support": 34.0
    },
    "accuracy": 0.7388059701492538,
    "macro avg": {
      "precision": 0.6770287141073658,
      "recall": 0.7085294117647059,
      "f1-score": 0.6858884200656352,
      "support": 134.0
    },
    "weighted avg": {
      "precision": 0.7696945981701977,
      "recall": 0.7388059701492538,
      "f1-score": 0.7493894801659774,
      "support": 134.0
    }
  },
  "roc_curve": {
    "fpr": [
      0.0,
      0.01,
      0.03,
      0.03,
      0.04,
      0.04,
      0.05,
      0.05,
      0.09,
      0.09,
      0.11,
      0.11,
      0.13,
      0.13,
      0.16,
      0.16,
      0.17,
      0.17,
      0.19,
      0.19,
      0.22,
      0.22,
      0.23,
      0.23,
      0.32,
      0.32,
      0.37,
      0.37,
      0.4,
      0.4,
      0.45,
      0.45,
      0.46,
      0.46,
      0.52,
      0.52,
      0.53,
      0.53,
      0.61,
      0.61,
      0.67,
      0.67,
      0.72,
      0.72,
      0.77,
      0.77,
      1.0
    ],
    "tpr": [
      0.0,
      0.0,
      0.0,
      0.14705882352941177,
      0.14705882352941177,
      0.17647058823529413,
      0.17647058823529413,
      0.20588235294117646,
      0.20588235294117646,
      0.2647058823529412,
      0.2647058823529412,
      0.29411764705882354,
      0.29411764705882354,
      0.38235294117647056,
      0.38235294117647056,
      0.4411764705882353,
      0.4411764705882353,
      0.5,
      0.5,
      0.5294117647058824,
      0.5294117647058824,
      0.5882352941176471,
      0.5882352941176471,
      0.6470588235294118,
      0.6470588235294118,
      0.7058823529411765,
      0.7058823529411765,
      0.7352941176470589,
      0.7352941176470589,
      0.7647058823529411,
      0.7647058823529411,
      0.7941176470588235,
      0.7941176470588235,
      0.8235294117647058,
      0.8235294117647058,
      0.8529411764705882,
      0.8529411764705882,
      0.8823529411764706,
      0.8823529411764706,
      0.9117647058823529,
      0.9117647058823529,
      0.9411764705882353,
      0.9411764705882353,
      0.9705882352941176,
      0.9705882352941176,
      1.0,
      1.0
    ],
    "thresholds": [
      null,
      0.7343875911662805,
      0.7244197065185657,
      0.6571628478320449,
      0.6501765085452117,
      0.6428544024795826,
      0.6321115392230746,
      0.6234996883883441,
      0.6171736127888624,
      0.6063066075284551,
      0.600205642309819,
      0.5954260599014476,
      0.5740697760143716,
      0.5682250664857219,
      0.5534004864935744,
      0.5496983410641653,
      0.5460661605011832,
      0.5394470811697166,
      0.5229250800099761,
      0.5228584168812415,
      0.5199242757951921,
      0.5175543287239225,
      0.516161724679539,
      0.5110414832263136,
      0.49639503754284037,
      0.4879826090535645,
      0.4773627230319032,
      0.47499401740458846,
      0.4715650432924733,
      0.4699350798609711,
      0.4592295632871221,
      0.4509352184112976,
      0.44957066171144694,
      0.44938329619091694,
      0.43745248880692805,
      0.4359382464906179,
      0.43473752711146774,
      0.43454046371947797,
      0.41784174385914713,
      0.417216963309556,
      0.4088408392293357,
      0.40879782408269544,
      0.40142364897929406,
      0.3979789323399578,
      0.387564634158255,
      0.3871336706348041,
      0.3377323128477696
    ]
  }
}