{
  "tag": "hrv_only_sklearn_rf_reg",
  "n_samples": 134,
  "mae_oof": 2.356240820832685,
  "rmse_oof": 3.153899050904762,
  "spearman_rho_oof": 0.3543386783248087
}