{
  "tag": "hrv_only_sklearn_rf_bin",
  "n_samples": 134,
  "positive_rate_true": 0.2537313432835821,
  "threshold": 0.5,
  "confusion_matrix_labels": [
    0,
    1
  ],
  "confusion_matrix": [
    [
      94,
      6
    ],
    [
      31,
      3
    ]
  ],
  "accuracy": 0.7238805970149254,
  "balanced_accuracy": 0.5141176470588235,
  "roc_auc_oof": 0.6926470588235294,
  "classification_report": {
    "0": {
      "precision": 0.752,
      "recall": 0.94,
      "f1-score": 0.8355555555555556,
      "support": 100.0
    },
    "1": {
      "precision": 0.3333333333333333,
      "recall": 0.08823529411764706,
      "f1-score": 0.13953488372093023,
      "support": 34.0
    },
    "accuracy": 0.7238805970149254,
    "macro avg": {
      "precision": 0.5426666666666666,
      "recall": 0.5141176470588235,
      "f1-score": 0.48754521963824293,
      "support": 134.0
    },
    "weighted avg": {
      "precision": 0.6457711442786069,
      "recall": 0.7238805970149254,
      "f1-score": 0.6589532955378148,
      "support": 134.0
    }
  },
  "roc_curve": {
    "fpr": [
      0.0,
      0.0,
      0.02,
      0.02,
      0.04,
      0.04,
      0.06,
      0.06,
      0.07,
      0.07,
      0.08,
      0.08,
      0.12,
      0.12,
      0.13,
      0.13,
      0.2,
      0.2,
      0.21,
      0.21,
      0.22,
      0.22,
      0.27,
      0.27,
      0.29,
      0.29,
      0.31,
      0.31,
      0.33,
      0.33,
      0.36,
      0.36,
      0.37,
      0.37,
      0.38,
      0.38,
      0.49,
      0.49,
      0.53,
      0.53,
      0.57,
      0.57,
      0.61,
      0.61,
      0.63,
      0.63,
      0.7,
      0.7,
      0.74,
      0.74,
      1.0
    ],
    "tpr": [
      0.0,
      0.029411764705882353,
      0.029411764705882353,
      0.058823529411764705,
      0.058823529411764705,
      0.08823529411764706,
      0.08823529411764706,
      0.11764705882352941,
      0.11764705882352941,
      0.17647058823529413,
      0.17647058823529413,
      0.23529411764705882,
      0.23529411764705882,
      0.2647058823529412,
      0.2647058823529412,
      0.3235294117647059,
      0.3235294117647059,
      0.35294117647058826,
      0.35294117647058826,
      0.4117647058823529,
      0.4117647058823529,
      0.47058823529411764,
      0.47058823529411764,
      0.5,
      0.5,
      0.5588235294117647,
      0.5588235294117647,
      0.5882352941176471,
      0.5882352941176471,
      0.6176470588235294,
      0.6176470588235294,
      0.6470588235294118,
      0.6470588235294118,
      0.6764705882352942,
      0.6764705882352942,
      0.7058823529411765,
      0.7058823529411765,
      0.7941176470588235,
      0.7941176470588235,
      0.8235294117647058,
      0.8235294117647058,
      0.8529411764705882,
      0.8529411764705882,
      0.8823529411764706,
      0.8823529411764706,
      0.9117647058823529,
      0.9117647058823529,
      0.9411764705882353,
      0.9411764705882353,
      1.0,
      1.0
    ],
    "thresholds": [
      null,
      0.7523544583781181,
      0.6659134707216083,
      0.615337792146181,
      0.5707025368401097,
      0.5437731287016353,
      0.5096719085055023,
      0.49823140744214767,
      0.4701075614117458,
      0.44690354275994393,
      0.44625364146062674,
      0.44555561393903487,
      0.4188197487650171,
      0.4187421688219508,
      0.4118316249630924,
      0.4014809566412518,
      0.3627321271950475,
      0.3610547749749584,
      0.35834744488459047,
      0.3573377395142673,
      0.35695146726581356,
      0.3484975028432972,
      0.3084651737289249,
      0.3062033693690986,
      0.3029029515782991,
      0.28963886494019453,
      0.27415672803063557,
      0.2736420874768377,
      0.26042117197264336,
      0.2585215578578782,
      0.25411151141549165,
      0.24613221288428128,
      0.23569066460772325,
      0.23303730953880578,
      0.23136833970390833,
      0.2292961199578454,
      0.19946545259962586,
      0.19301477026850017,
      0.18277619803778677,
      0.18170190147319334,
      0.17255452468179605,
      0.17154669279477278,
      0.16411430330554744,
      0.1632311743136754,
      0.14498090984686934,
      0.1447282451273653,
      0.1286011971659262,
      0.12751057565319504,
      0.1176402349254865,
      0.1093838528662914,
      0.017049975226065703
    ]
  }
}