{
  "tag": "hrv_sleep_sklearn_rf_bin",
  "n_samples": 134,
  "positive_rate_true": 0.2537313432835821,
  "threshold": 0.5,
  "confusion_matrix_labels": [
    0,
    1
  ],
  "confusion_matrix": [
    [
      90,
      10
    ],
    [
      25,
      9
    ]
  ],
  "accuracy": 0.7388059701492538,
  "balanced_accuracy": 0.5823529411764706,
  "roc_auc_oof": 0.7408823529411764,
  "classification_report": {
    "0": {
      "precision": 0.782608695652174,
      "recall": 0.9,
      "f1-score": 0.8372093023255814,
      "support": 100.0
    },
    "1": {
      "precision": 0.47368421052631576,
      "recall": 0.2647058823529412,
      "f1-score": 0.33962264150943394,
      "support": 34.0
    },
    "accuracy": 0.7388059701492538,
    "macro avg": {
      "precision": 0.6281464530892449,
      "recall": 0.5823529411764706,
      "f1-score": 0.5884159719175077,
      "support": 134.0
    },
    "weighted avg": {
      "precision": 0.704224871068001,
      "recall": 0.7388059701492538,
      "f1-score": 0.7109559704767082,
      "support": 134.0
    }
  },
  "roc_curve": {
    "fpr": [
      0.0,
      0.01,
      0.03,
      0.03,
      0.04,
      0.04,
      0.05,
      0.05,
      0.09,
      0.09,
      0.11,
      0.11,
      0.13,
      0.13,
      0.16,
      0.16,
      0.17,
      0.17,
      0.19,
      0.19,
      0.22,
      0.22,
      0.23,
      0.23,
      0.32,
      0.32,
      0.37,
      0.37,
      0.4,
      0.4,
      0.45,
      0.45,
      0.46,
      0.46,
      0.52,
      0.52,
      0.53,
      0.53,
      0.61,
      0.61,
      0.67,
      0.67,
      0.72,
      0.72,
      0.77,
      0.77,
      1.0
    ],
    "tpr": [
      0.0,
      0.0,
      0.0,
      0.14705882352941177,
      0.14705882352941177,
      0.17647058823529413,
      0.17647058823529413,
      0.20588235294117646,
      0.20588235294117646,
      0.2647058823529412,
      0.2647058823529412,
      0.29411764705882354,
      0.29411764705882354,
      0.38235294117647056,
      0.38235294117647056,
      0.4411764705882353,
      0.4411764705882353,
      0.5,
      0.5,
      0.5294117647058824,
      0.5294117647058824,
      0.5882352941176471,
      0.5882352941176471,
      0.6470588235294118,
      0.6470588235294118,
      0.7058823529411765,
      0.7058823529411765,
      0.7352941176470589,
      0.7352941176470589,
      0.7647058823529411,
      0.7647058823529411,
      0.7941176470588235,
      0.7941176470588235,
      0.8235294117647058,
      0.8235294117647058,
      0.8529411764705882,
      0.8529411764705882,
      0.8823529411764706,
      0.8823529411764706,
      0.9117647058823529,
      0.9117647058823529,
      0.9411764705882353,
      0.9411764705882353,
      0.9705882352941176,
      0.9705882352941176,
      1.0,
      1.0
    ],
    "thresholds": [
      null,
      0.7629857956202913,
      0.7407857432026215,
      0.6019706173234599,
      0.5884057645486451,
      0.5743225575062405,
      0.5538887054311072,
      0.5376885420703831,
      0.5258820974867804,
      0.50577055495448,
      0.49456595336863723,
      0.4858280995929093,
      0.4471625281968445,
      0.43667398044561184,
      0.4102162708334623,
      0.4036372728710545,
      0.3971921106978754,
      0.3854686773944633,
      0.3563038796016022,
      0.35618642766392805,
      0.3510182064583921,
      0.346845545248691,
      0.34439430934456644,
      0.335385260242584,
      0.30963091403077786,
      0.29483639505656706,
      0.27614157198472145,
      0.2719674798567222,
      0.2659214369648612,
      0.26304582514968883,
      0.24412794531423143,
      0.22942600037924504,
      0.22700287656844098,
      0.2266700561591138,
      0.20542036868856983,
      0.20271468490374414,
      0.2005676957939485,
      0.20021519943895721,
      0.17019872503257116,
      0.16906952802906047,
      0.15388291482013264,
      0.15380468488524726,
      0.14035487463414875,
      0.13404448985561332,
      0.11485070488654958,
      0.11405247477300773,
      0.019972551315572296
    ]
  }
}