{
  "tag": "hrv_sleep_sklearn_elasticnet_reg",
  "n_samples": 134,
  "mae_oof": 2.2426049366631,
  "rmse_oof": 2.897844111004158,
  "spearman_rho_oof": 0.3877408320383723
}