{
  "tag": "hrv_sleep_torch_elasticnet_bin",
  "n_samples": 134,
  "positive_rate_true": 0.2537313432835821,
  "threshold": 0.5,
  "confusion_matrix_labels": [
    0,
    1
  ],
  "confusion_matrix": [
    [
      74,
      26
    ],
    [
      22,
      12
    ]
  ],
  "accuracy": 0.6417910447761194,
  "balanced_accuracy": 0.5464705882352942,
  "roc_auc_oof": 0.4902941176470588,
  "classification_report": {
    "0": {
      "precision": 0.7708333333333334,
      "recall": 0.74,
      "f1-score": 0.7551020408163265,
      "support": 100.0
    },
    "1": {
      "precision": 0.3157894736842105,
      "recall": 0.35294117647058826,
      "f1-score": 0.3333333333333333,
      "support": 34.0
    },
    "accuracy": 0.6417910447761194,
    "macro avg": {
      "precision": 0.5433114035087719,
      "recall": 0.5464705882352942,
      "f1-score": 0.5442176870748299,
      "support": 134.0
    },
    "weighted avg": {
      "precision": 0.6553744435716157,
      "recall": 0.6417910447761194,
      "f1-score": 0.6480861001116864,
      "support": 134.0
    }
  },
  "roc_curve": {
    "fpr": [
      0.0,
      0.01,
      0.07,
      0.07,
      0.1,
      0.1,
      0.13,
      0.13,
      0.17,
      0.17,
      0.25,
      0.25,
      0.26,
      0.26,
      0.34,
      0.34,
      0.4,
      0.4,
      0.44,
      0.44,
      0.46,
      0.46,
      0.53,
      0.53,
      0.54,
      0.54,
      0.57,
      0.57,
      0.66,
      0.66,
      0.75,
      0.75,
      0.9,
      0.9,
      0.94,
      0.94,
      0.96,
      0.96,
      0.97,
      0.97,
      1.0
    ],
    "tpr": [
      0.0,
      0.0,
      0.0,
      0.14705882352941177,
      0.14705882352941177,
      0.17647058823529413,
      0.17647058823529413,
      0.23529411764705882,
      0.23529411764705882,
      0.2647058823529412,
      0.2647058823529412,
      0.29411764705882354,
      0.29411764705882354,
      0.35294117647058826,
      0.35294117647058826,
      0.4117647058823529,
      0.4117647058823529,
      0.4411764705882353,
      0.4411764705882353,
      0.47058823529411764,
      0.47058823529411764,
      0.5294117647058824,
      0.5294117647058824,
      0.5588235294117647,
      0.5588235294117647,
      0.5882352941176471,
      0.5882352941176471,
      0.6176470588235294,
      0.6176470588235294,
      0.6470588235294118,
      0.6470588235294118,
      0.6764705882352942,
      0.6764705882352942,
      0.8529411764705882,
      0.8529411764705882,
      0.8823529411764706,
      0.8823529411764706,
      0.9705882352941176,
      0.9705882352941176,
      1.0,
      1.0
    ],
    "thresholds": [
      null,
      0.9999995878272412,
      0.9998990082459767,
      0.9970645734465349,
      0.9930657117147176,
      0.9930479999808092,
      0.9777582173489714,
      0.9684829225704285,
      0.9517397414740048,
      0.919559188925943,
      0.6366979556324665,
      0.6359658027420309,
      0.6130275993871681,
      0.5098547854082589,
      0.22030194535909514,
      0.2100245768078557,
      0.15754034929408411,
      0.1301575079815861,
      0.04174435654105976,
      0.04023055869785644,
      0.033084456919639835,
      0.027381520439984725,
      0.019482351819636777,
      0.018566332190353252,
      0.0170411556974658,
      0.011257488810955988,
      0.006321555310257822,
      0.004645689901528937,
      0.0015007048040831486,
      0.0011943505770968935,
      0.0004323728462923933,
      0.00033829620231101335,
      2.694180599424896e-05,
      2.6503868832121123e-06,
      2.671047365509731e-07,
      2.0968660537639467e-07,
      1.1776951835114521e-07,
      6.7381260116072905e-09,
      6.2041019106776625e-09,
      8.933391526437701e-10,
      8.75651076269652e-27
    ]
  }
}