{
  "tag": "hrv_only_torch_elasticnet_bin",
  "n_samples": 134,
  "positive_rate_true": 0.2537313432835821,
  "threshold": 0.5,
  "confusion_matrix_labels": [
    0,
    1
  ],
  "confusion_matrix": [
    [
      70,
      30
    ],
    [
      23,
      11
    ]
  ],
  "accuracy": 0.6044776119402985,
  "balanced_accuracy": 0.5117647058823529,
  "roc_auc_oof": 0.5005882352941176,
  "classification_report": {
    "0": {
      "precision": 0.7526881720430108,
      "recall": 0.7,
      "f1-score": 0.7253886010362695,
      "support": 100.0
    },
    "1": {
      "precision": 0.2682926829268293,
      "recall": 0.3235294117647059,
      "f1-score": 0.29333333333333333,
      "support": 34.0
    },
    "accuracy": 0.6044776119402985,
    "macro avg": {
      "precision": 0.51049042748492,
      "recall": 0.5117647058823529,
      "f1-score": 0.5093609671848014,
      "support": 134.0
    },
    "weighted avg": {
      "precision": 0.6297818539090543,
      "recall": 0.6044776119402985,
      "f1-score": 0.6157626375892558,
      "support": 134.0
    }
  },
  "roc_curve": {
    "fpr": [
      0.0,
      0.01,
      0.03,
      0.03,
      0.07,
      0.07,
      0.09,
      0.09,
      0.12,
      0.12,
      0.14,
      0.14,
      0.16,
      0.16,
      0.19,
      0.19,
      0.25,
      0.25,
      0.37,
      0.37,
      0.44,
      0.44,
      0.48,
      0.48,
      0.49,
      0.49,
      0.51,
      0.51,
      0.54,
      0.54,
      0.56,
      0.56,
      0.67,
      0.67,
      0.82,
      0.82,
      0.86,
      0.86,
      0.91,
      0.91,
      0.95,
      0.95,
      0.98,
      0.98,
      0.99,
      0.99,
      1.0
    ],
    "tpr": [
      0.0,
      0.0,
      0.0,
      0.058823529411764705,
      0.058823529411764705,
      0.08823529411764706,
      0.08823529411764706,
      0.11764705882352941,
      0.11764705882352941,
      0.14705882352941177,
      0.14705882352941177,
      0.23529411764705882,
      0.23529411764705882,
      0.2647058823529412,
      0.2647058823529412,
      0.29411764705882354,
      0.29411764705882354,
      0.3235294117647059,
      0.3235294117647059,
      0.4117647058823529,
      0.4117647058823529,
      0.5,
      0.5,
      0.5294117647058824,
      0.5294117647058824,
      0.5588235294117647,
      0.5588235294117647,
      0.5882352941176471,
      0.5882352941176471,
      0.6176470588235294,
      0.6176470588235294,
      0.6764705882352942,
      0.6764705882352942,
      0.7058823529411765,
      0.7058823529411765,
      0.7352941176470589,
      0.7352941176470589,
      0.7647058823529411,
      0.7647058823529411,
      0.7941176470588235,
      0.7941176470588235,
      0.8823529411764706,
      0.8823529411764706,
      0.9411764705882353,
      0.9411764705882353,
      1.0,
      1.0
    ],
    "thresholds": [
      null,
      0.9999877233530019,
      0.9994085628945105,
      0.997447363196919,
      0.9729945255713373,
      0.9622320320218436,
      0.9569917149154562,
      0.9432376081383629,
      0.910218741247958,
      0.8683710489285115,
      0.8509088921515167,
      0.8185749345408864,
      0.77598564981453,
      0.77275586895675,
      0.7008980893494463,
      0.6903128978532613,
      0.615281877159748,
      0.6006865819792353,
      0.43386766939713733,
      0.3935171995716157,
      0.3036167107030629,
      0.25617551124770793,
      0.210954647153925,
      0.21023298056045175,
      0.20491042470698334,
      0.19064962447366163,
      0.17992939691977697,
      0.15645339021753837,
      0.12452400938749399,
      0.08142409399428703,
      0.08070466988528056,
      0.06989180098152674,
      0.01989518937772429,
      0.016706757052928282,
      0.005329783116921299,
      0.004291452173317185,
      0.0037554007843312756,
      0.0030493544009857054,
      0.0012883923704217293,
      0.0012091190785205555,
      0.00041328986428735106,
      8.667537288908053e-05,
      2.778926419393423e-05,
      2.912508193565287e-06,
      8.87775747979052e-08,
      1.5706868819156925e-08,
      8.75651076269652e-27
    ]
  }
}