{
  "tag": "hrv_sleep_torch_rf_reg",
  "n_samples": 134,
  "mae_oof": 2.4240302445036117,
  "rmse_oof": 3.1082757182648697,
  "spearman_rho_oof": 0.22969260997209134
}