{
  "tag": "hrv_sleep_torch_rf_bin",
  "n_samples": 134,
  "positive_rate_true": 0.2537313432835821,
  "threshold": 0.5,
  "confusion_matrix_labels": [
    0,
    1
  ],
  "confusion_matrix": [
    [
      94,
      6
    ],
    [
      30,
      4
    ]
  ],
  "accuracy": 0.7313432835820896,
  "balanced_accuracy": 0.5288235294117647,
  "roc_auc_oof": 0.581764705882353,
  "classification_report": {
    "0": {
      "precision": 0.7580645161290323,
      "recall": 0.94,
      "f1-score": 0.8392857142857143,
      "support": 100.0
    },
    "1": {
      "precision": 0.4,
      "recall": 0.11764705882352941,
      "f1-score": 0.18181818181818182,
      "support": 34.0
    },
    "accuracy": 0.7313432835820896,
    "macro avg": {
      "precision": 0.5790322580645162,
      "recall": 0.5288235294117647,
      "f1-score": 0.510551948051948,
      "support": 134.0
    },
    "weighted avg": {
      "precision": 0.6672123254694271,
      "recall": 0.7313432835820896,
      "f1-score": 0.6724655941073852,
      "support": 134.0
    }
  },
  "roc_curve": {
    "fpr": [
      0.0,
      0.01,
      0.02,
      0.02,
      0.03,
      0.03,
      0.04,
      0.04,
      0.08,
      0.08,
      0.12,
      0.12,
      0.16,
      0.16,
      0.18,
      0.18,
      0.2,
      0.2,
      0.21,
      0.21,
      0.25,
      0.25,
      0.26,
      0.26,
      0.27,
      0.27,
      0.35,
      0.35,
      0.36,
      0.36,
      0.41,
      0.41,
      0.55,
      0.55,
      0.56,
      0.56,
      0.66,
      0.66,
      0.69,
      0.69,
      0.7,
      0.7,
      0.77,
      0.77,
      0.79,
      0.79,
      0.82,
      0.82,
      0.86,
      0.86,
      0.87,
      0.87,
      0.88,
      0.88,
      1.0
    ],
    "tpr": [
      0.0,
      0.0,
      0.0,
      0.029411764705882353,
      0.029411764705882353,
      0.058823529411764705,
      0.058823529411764705,
      0.11764705882352941,
      0.11764705882352941,
      0.17647058823529413,
      0.17647058823529413,
      0.20588235294117646,
      0.20588235294117646,
      0.23529411764705882,
      0.23529411764705882,
      0.29411764705882354,
      0.29411764705882354,
      0.3235294117647059,
      0.3235294117647059,
      0.35294117647058826,
      0.35294117647058826,
      0.38235294117647056,
      0.38235294117647056,
      0.4117647058823529,
      0.4117647058823529,
      0.4411764705882353,
      0.4411764705882353,
      0.47058823529411764,
      0.47058823529411764,
      0.5882352941176471,
      0.5882352941176471,
      0.6176470588235294,
      0.6176470588235294,
      0.6470588235294118,
      0.6470588235294118,
      0.6764705882352942,
      0.6764705882352942,
      0.7058823529411765,
      0.7058823529411765,
      0.7352941176470589,
      0.7352941176470589,
      0.7647058823529411,
      0.7647058823529411,
      0.7941176470588235,
      0.7941176470588235,
      0.8235294117647058,
      0.8235294117647058,
      0.8529411764705882,
      0.8529411764705882,
      0.8823529411764706,
      0.8823529411764706,
      0.9411764705882353,
      0.9411764705882353,
      1.0,
      1.0
    ],
    "thresholds": [
      null,
      0.5881923713039183,
      0.5800647939444241,
      0.5393471981141275,
      0.5344595508942755,
      0.5309529189095232,
      0.528990693673234,
      0.5205423128363528,
      0.48680118690816504,
      0.46464390130611655,
      0.4454902707948857,
      0.4440649978467489,
      0.40644967596399695,
      0.40410528346857455,
      0.3942776306438071,
      0.38338193265765114,
      0.37542203209217356,
      0.3688978670085087,
      0.36581533990324355,
      0.3605285285147978,
      0.34912236106733874,
      0.34744156716266,
      0.34580794423060374,
      0.3431304075743663,
      0.34014119864611375,
      0.33884923218498936,
      0.30840856114408105,
      0.3010561209906334,
      0.29831409060578,
      0.28578546349320066,
      0.2731733853223394,
      0.2723318571239498,
      0.23177698211264455,
      0.231546195642004,
      0.2261871576504171,
      0.22608716074129778,
      0.19377277710358143,
      0.1934278936523929,
      0.18137078867546663,
      0.1802481085669333,
      0.18005699333663688,
      0.17907537801514523,
      0.15859712801749828,
      0.15633370692511797,
      0.15175693352659253,
      0.15105821080613688,
      0.1418904585259582,
      0.13840702196683483,
      0.1320672681109095,
      0.13166091814949576,
      0.13014685848228236,
      0.12838225640314796,
      0.12817424266046187,
      0.11788429836847795,
      0.04798428704692309
    ]
  }
}