{
  "tag": "hrv_only_torch_rf_bin",
  "n_samples": 134,
  "positive_rate_true": 0.2537313432835821,
  "threshold": 0.5,
  "confusion_matrix_labels": [
    0,
    1
  ],
  "confusion_matrix": [
    [
      90,
      10
    ],
    [
      33,
      1
    ]
  ],
  "accuracy": 0.6791044776119403,
  "balanced_accuracy": 0.4647058823529412,
  "roc_auc_oof": 0.5247058823529411,
  "classification_report": {
    "0": {
      "precision": 0.7317073170731707,
      "recall": 0.9,
      "f1-score": 0.8071748878923767,
      "support": 100.0
    },
    "1": {
      "precision": 0.09090909090909091,
      "recall": 0.029411764705882353,
      "f1-score": 0.044444444444444446,
      "support": 34.0
    },
    "accuracy": 0.6791044776119403,
    "macro avg": {
      "precision": 0.4113082039911308,
      "recall": 0.4647058823529412,
      "f1-score": 0.42580966616841054,
      "support": 134.0
    },
    "weighted avg": {
      "precision": 0.5691167223748221,
      "recall": 0.6791044776119403,
      "f1-score": 0.6136462679130505,
      "support": 134.0
    }
  },
  "roc_curve": {
    "fpr": [
      0.0,
      0.01,
      0.07,
      0.07,
      0.13,
      0.13,
      0.14,
      0.14,
      0.15,
      0.15,
      0.16,
      0.16,
      0.19,
      0.19,
      0.2,
      0.2,
      0.21,
      0.21,
      0.23,
      0.23,
      0.27,
      0.27,
      0.37,
      0.37,
      0.4,
      0.4,
      0.56,
      0.56,
      0.57,
      0.57,
      0.58,
      0.58,
      0.64,
      0.64,
      0.65,
      0.65,
      0.69,
      0.69,
      0.79,
      0.79,
      0.84,
      0.84,
      0.85,
      0.85,
      0.86,
      0.86,
      0.87,
      0.87,
      1.0
    ],
    "tpr": [
      0.0,
      0.0,
      0.0,
      0.029411764705882353,
      0.029411764705882353,
      0.058823529411764705,
      0.058823529411764705,
      0.08823529411764706,
      0.08823529411764706,
      0.11764705882352941,
      0.11764705882352941,
      0.20588235294117646,
      0.20588235294117646,
      0.23529411764705882,
      0.23529411764705882,
      0.2647058823529412,
      0.2647058823529412,
      0.3235294117647059,
      0.3235294117647059,
      0.35294117647058826,
      0.35294117647058826,
      0.38235294117647056,
      0.38235294117647056,
      0.4117647058823529,
      0.4117647058823529,
      0.4411764705882353,
      0.4411764705882353,
      0.47058823529411764,
      0.47058823529411764,
      0.6176470588235294,
      0.6176470588235294,
      0.6764705882352942,
      0.6764705882352942,
      0.7352941176470589,
      0.7352941176470589,
      0.7647058823529411,
      0.7647058823529411,
      0.7941176470588235,
      0.7941176470588235,
      0.8235294117647058,
      0.8235294117647058,
      0.8823529411764706,
      0.8823529411764706,
      0.9117647058823529,
      0.9117647058823529,
      0.9411764705882353,
      0.9411764705882353,
      1.0,
      1.0
    ],
    "thresholds": [
      null,
      0.5880941844573582,
      0.5249007848301708,
      0.5229595641072815,
      0.4813796515690399,
      0.4740213928264522,
      0.47057411700478224,
      0.4644169608002631,
      0.46358587400267715,
      0.4585027140445483,
      0.4565266363432167,
      0.42822404065413117,
      0.4123411973075961,
      0.4103377426612365,
      0.40853312173042106,
      0.40673397442495324,
      0.4014771603072242,
      0.3832751409590186,
      0.38055352982283497,
      0.37696304112442314,
      0.36349802188708047,
      0.3559290669323658,
      0.3169256403752933,
      0.3144597562233365,
      0.3046382248846855,
      0.30369263857103806,
      0.2633136093901864,
      0.2630573166429954,
      0.26160209450163346,
      0.2457743003938219,
      0.24521827774162852,
      0.23976159667091015,
      0.22236352523656427,
      0.21991259392685422,
      0.2160126123596765,
      0.21036937177132237,
      0.18585291227718073,
      0.1817778582762264,
      0.16155553866572386,
      0.15867496955101443,
      0.15006830799741924,
      0.14901765169216255,
      0.14305542899698012,
      0.142972423726334,
      0.1398309140795006,
      0.13975783688157015,
      0.1328528145073603,
      0.12082938168579627,
      0.047080410599205605
    ]
  }
}