{
  "tag": "hrv_sleep_sklearn_rf_reg",
  "n_samples": 134,
  "mae_oof": 2.4483534659882955,
  "rmse_oof": 3.232871065223752,
  "spearman_rho_oof": 0.3237586325244208
}