{
  "tag": "hrv_only_sklearn_elasticnet_bin",
  "n_samples": 134,
  "positive_rate_true": 0.2537313432835821,
  "threshold": 0.5,
  "confusion_matrix_labels": [
    0,
    1
  ],
  "confusion_matrix": [
    [
      81,
      19
    ],
    [
      27,
      7
    ]
  ],
  "accuracy": 0.6567164179104478,
  "balanced_accuracy": 0.5079411764705882,
  "roc_auc_oof": 0.5617647058823529,
  "classification_report": {
    "0": {
      "precision": 0.75,
      "recall": 0.81,
      "f1-score": 0.7788461538461539,
      "support": 100.0
    },
    "1": {
      "precision": 0.2692307692307692,
      "recall": 0.20588235294117646,
      "f1-score": 0.23333333333333334,
      "support": 34.0
    },
    "accuracy": 0.6567164179104478,
    "macro avg": {
      "precision": 0.5096153846153846,
      "recall": 0.5079411764705882,
      "f1-score": 0.5060897435897436,
      "support": 134.0
    },
    "weighted avg": {
      "precision": 0.6280137772675086,
      "recall": 0.6567164179104478,
      "f1-score": 0.6404324531190203,
      "support": 134.0
    }
  },
  "roc_curve": {
    "fpr": [
      0.0,
      0.01,
      0.06,
      0.06,
      0.07,
      0.07,
      0.1,
      0.1,
      0.11,
      0.11,
      0.12,
      0.12,
      0.13,
      0.13,
      0.17,
      0.17,
      0.2,
      0.4,
      0.4,
      0.58,
      0.58,
      0.67,
      0.67,
      0.7,
      0.7,
      0.77,
      0.77,
      0.83,
      0.83,
      0.85,
      0.85,
      1.0
    ],
    "tpr": [
      0.0,
      0.0,
      0.0,
      0.029411764705882353,
      0.029411764705882353,
      0.058823529411764705,
      0.058823529411764705,
      0.08823529411764706,
      0.08823529411764706,
      0.11764705882352941,
      0.11764705882352941,
      0.14705882352941177,
      0.14705882352941177,
      0.17647058823529413,
      0.17647058823529413,
      0.20588235294117646,
      0.20588235294117646,
      0.4117647058823529,
      0.4411764705882353,
      0.7058823529411765,
      0.7647058823529411,
      0.7647058823529411,
      0.7941176470588235,
      0.7941176470588235,
      0.8823529411764706,
      0.8823529411764706,
      0.9117647058823529,
      0.9117647058823529,
      0.9411764705882353,
      0.9411764705882353,
      1.0,
      1.0
    ],
    "thresholds": [
      null,
      0.9623354148664355,
      0.8430173513422337,
      0.8188049367995901,
      0.7866794229564124,
      0.763417234679639,
      0.6795541647073156,
      0.6748947694488148,
      0.6673791783959432,
      0.667151254422168,
      0.6392778765385249,
      0.5847019570684331,
      0.5618806035966945,
      0.5607660395178248,
      0.5434796805823572,
      0.5375129425214044,
      0.4890605885407064,
      0.4869796360548372,
      0.485010605093458,
      0.47498670098799706,
      0.431958138035885,
      0.33856095257246344,
      0.3285162510525381,
      0.3164433890376474,
      0.3016915781902821,
      0.24377939162700776,
      0.24334632134438358,
      0.19122500585112348,
      0.18117072243001378,
      0.17817877406184934,
      0.1701596901309928,
      0.013437938959131706
    ]
  }
}